,displayName,tenGameAverage,slug,l10,diff
0,Chimezie Metu,5,chimezie-metu-19970322,4.0,-1.0
1,Josh Okogie,13,josh-okogie-19980901,21.0,8.0
2,Jordan Goodwin,25,jordan-goodwin-19981023,24.0,-1.0
3,Cam Reddish,10,cam-reddish-19990901,3.0,-7.0
4,Yuta Watanabe,9,yuta-watanabe-19941013,7.0,-2.0
5,Gabe Vincent,18,gabe-vincent-19960614,18.0,0.0
6,Kevin Durant,48,kevin-durant-19880929,40.0,-8.0
7,Max Christie,3,max-christie-20030210,0.0,-3.0
8,Taurean Prince,17,taurean-prince-19940322,15.0,-2.0
9,Drew Eubanks,30,drew-eubanks-19970201,23.0,-7.0
10,Christian Wood,21,christian-wood-19950927,19.0,-2.0
11,LeBron James,52,lebron-james-19841230,48.0,-4.0
12,Udoka Azubuike,15,udoka-azubuike-19990917,10.0,-5.0
13,Colin Castleton,0,colin-castleton-20000525,0.0,0.0
14,D'Angelo Russell,21,dangelo-russell-19960223,27.0,6.0
15,Bol Bol,13,bol-bol-19991116,7.0,-6.0
16,Saben Lee,14,saben-lee-19990623,8.0,-6.0
17,Grayson Allen,17,grayson-allen-19951008,19.0,2.0
18,Eric Gordon,19,eric-gordon-19881225,20.0,1.0
19,Austin Reaves,30,austin-reaves-19980529,29.0,-1.0
20,Anthony Davis,54,anthony-davis-19930311,54.0,0.0
21,Nassir Little,12,nassir-little-20000211,13.0,1.0
22,Jaxson Hayes,4,jaxson-hayes-20000523,2.0,-2.0
23,Maxwell Lewis,0,maxwell-lewis-20020727,0.0,0.0
24,Jusuf NurkiÄ‡,26,jusuf-nurkic-19940823,23.0,-3.0
25,Keita Bates-Diop,25,keita-bates-diop-19960123,22.0,-3.0
26,D'Moi Hodge,0,dmoi-hodge-19981220,0.0,0.0
27,Rui Hachimura,17,rui-hachimura-19980208,21.0,4.0
28,Joel Embiid,48,joel-embiid-19940316,46.0,-2.0
29,Patrick Beverley,17,patrick-beverley-19880712,17.0,0.0
30,Kelly Oubre Jr.,32,kelly-oubre-jr-19951209,18.0,-14.0
31,P.J. Tucker,14,p-j-tucker-19850505,13.0,-1.0
32,Brook Lopez,32,brook-lopez-19880401,32.0,0.0
33,Tobias Harris,28,tobias-harris-19920715,27.0,-1.0
34,Filip Petrusev,1,filip-petrusev-20000415,0.0,-1.0
35,MarJon Beauchamp,10,marjon-beauchamp-20011012,8.0,-2.0
36,Paul Reed,11,paul-reed-19990614,21.0,10.0
37,Furkan Korkmaz,7,furkan-korkmaz-19970724,5.0,-2.0
38,Danny Green,9,danny-green-19870622,7.0,-2.0
39,Mo Bamba,6,mo-bamba-19980512,5.0,-1.0
40,Pat Connaughton,16,pat-connaughton-19930106,10.0,-6.0
41,Jaden Springer,6,jaden-springer-20020925,5.0,-1.0
42,Robin Lopez,6,robin-lopez-19880401,4.0,-2.0
43,De'Anthony Melton,21,deanthony-melton-19980528,17.0,-4.0
44,Bobby Portis,29,bobby-portis-19950210,30.0,1.0
45,Damian Lillard,50,damian-lillard-19900715,54.0,4.0
46,Cameron Payne,14,cameron-payne-19940808,12.0,-2.0
47,Danuel House Jr.,7,danuel-house-jr-19930607,10.0,3.0
48,Jae Crowder,17,jae-crowder-19900706,18.0,1.0
49,Giannis Antetokounmpo,49,giannis-antetokounmpo-19941206,48.0,-1.0
50,Thanasis Antetokounmpo,5,thanasis-antetokounmpo-19920718,5.0,0.0
51,Tyrese Maxey,42,tyrese-maxey-20001104,39.0,-3.0
52,Khris Middleton,32,khris-middleton-19910812,30.0,-2.0
53,A.J. Green,9,a-j-green-19990927,3.0,-6.0
54,Chris Livingston,0,chris-livingston-20031015,0.0,0.0
55,Malik Beasley,9,malik-beasley-19961126,14.0,5.0
56,Andre Jackson Jr.,7,andre-jackson-jr-20011113,0.0,-7.0
57,Ivica Zubac,24,ivica-zubac-19970318,29.0,5.0
58,Kenyon Martin Jr.,21,kj-martin-jr-20010106,21.0,0.0
59,Paul George,45,paul-george-19900502,43.0,-2.0
60,Jordan Miller,2,jordan-miller-20000123,2.0,0.0
61,Moussa Diabate,4,moussa-diabate-20020121,3.0,-1.0
62,Jabari Walker,18,jabari-walker-20020730,15.0,-3.0
63,Anfernee Simons,27,anfernee-simons-19990608,27.0,0.0
64,Rayan Rupert,0,rayan-rupert-20040531,0.0,0.0
65,Kobe Brown,7,kobe-brown-20000101,0.0,-7.0
66,Russell Westbrook,40,russell-westbrook-19881112,37.0,-3.0
67,Norman Powell,30,norman-powell-19930525,23.0,-7.0
68,Robert Covington,16,robert-covington-19901214,14.0,-2.0
69,Deandre Ayton,28,deandre-ayton-19980723,26.0,-2.0
70,Robert Williams III,20,robert-williams-iii-19971017,24.0,4.0
71,Bones Hyland,17,bones-hyland-20000914,23.0,6.0
72,Moses Brown,15,moses-brown-19991013,0.0,-15.0
73,Mason Plumlee,18,mason-plumlee-19900305,17.0,-1.0
74,Toumani Camara,18,toumani-camara-20000508,16.0,-2.0
75,Jerami Grant,32,jerami-grant-19940312,32.0,0.0
76,Shaedon Sharpe,35,shaedon-sharpe-20030530,33.0,-2.0
77,Amir Coffey,2,amir-coffey-19970617,2.0,0.0
78,Scoot Henderson,8,scoot-henderson-20040203,13.0,5.0
79,Malcolm Brogdon,18,malcolm-brogdon-19921211,25.0,7.0
80,Kris Murray,2,kris-murray-20000819,1.0,-1.0
81,Matisse Thybulle,14,matisse-thybulle-19970304,16.0,2.0
82,Nicolas Batum,14,nicolas-batum-19881214,16.0,2.0
83,Kawhi Leonard,45,kawhi-leonard-19910629,44.0,-1.0
84,Markieff Morris,7,markieff-morris-19890902,5.0,-2.0
85,Dwight Powell,10,dwight-powell-19910720,7.0,-3.0
86,Derrick Jones Jr.,7,derrick-jones-jr-19970215,7.0,0.0
87,Zach Collins,32,zach-collins-19971119,24.0,-8.0
88,Dereck Lively II,23,dereck-lively-ii-20040212,34.0,11.0
89,Dante Exum,6,dante-exum-19950713,4.0,-2.0
90,Tim Hardaway Jr.,27,tim-hardaway-jr-19920316,25.0,-2.0
91,Doug McDermott,16,doug-mcdermott-19920103,11.0,-5.0
92,Kyrie Irving,43,kyrie-irving-19920323,45.0,2.0
93,Keldon Johnson,37,keldon-johnson-19991011,24.0,-13.0
94,Charles Bassey,18,charles-bassey-20001028,20.0,2.0
95,Tre Jones,33,tre-jones-20000108,36.0,3.0
96,Devin Vassell,30,devin-vassell-20000823,19.0,-11.0
97,Jeremy Sochan,27,jeremy-sochan-20030520,27.0,0.0
98,Josh Green,14,josh-green-20001116,14.0,0.0
99,Cedi Osman,16,cedi-osman-19950408,14.0,-2.0
100,Maxi Kleber,14,maxi-kleber-19920129,15.0,1.0
101,Victor Wembanyama,30,victor-wembanyama-20040104,26.0,-4.0
102,Malaki Branham,21,malaki-branham-20030512,23.0,2.0
103,Grant Williams,14,grant-williams-19981130,14.0,0.0
104,Blake Wesley,12,blake-wesley-20030316,12.0,0.0
105,Jaden Hardy,20,jaden-hardy-20030705,15.0,-5.0
106,Sandro Mamukelashvili,24,sandro-mamukelashvili-19990523,24.0,0.0
107,Seth Curry,8,seth-curry-19900823,6.0,-2.0
108,Dominick Barlow,17,dominick-barlow-20030526,17.0,0.0
109,Olivier-Maxence Prosper,0,olivier-maxence-prosper-20020703,0.0,0.0
110,Richaun Holmes,5,richaun-holmes-19931015,3.0,-2.0
111,Luka Dončić,56,luka-doncic-19990228,54.0,-2.0
112,Julian Champagnie,22,julian-champagnie-20010629,22.0,0.0
113,Devonte' Graham,21,devonte-graham-19950222,15.0,-6.0
114,Keon Ellis,2,keon-ellis-20000108,2.0,0.0
115,Harrison Barnes,22,harrison-barnes-19920530,26.0,4.0
116,Simone Fontecchio,15,simone-fontecchio-19951209,16.0,1.0
117,Chris Duarte,16,chris-duarte-19970613,15.0,-1.0
118,JaVale McGee,10,javale-mcgee-19880119,7.0,-3.0
119,Lauri Markkanen,45,lauri-markkanen-19970522,44.0,-1.0
120,Talen Horton-Tucker,33,talen-horton-tucker-20001125,31.0,-2.0
121,Kevin Huerter,21,kevin-huerter-19980827,27.0,6.0
122,Brice Sensabaugh,2,brice-sensabaugh-20031030,2.0,0.0
123,Domantas Sabonis,40,domantas-sabonis-19960503,42.0,2.0
124,Taylor Hendricks,2,taylor-hendricks-20031122,2.0,0.0
125,Sasha Vezenkov,18,aleksandar-vezenkov-19950806,18.0,0.0
126,Luka Samanic,17,luka-samanic-20000109,18.0,1.0
127,Walker Kessler,28,walker-kessler-20010726,34.0,6.0
128,Jordan Clarkson,28,jordan-clarkson-19920607,24.0,-4.0
129,Kelly Olynyk,29,kelly-olynyk-19910419,30.0,1.0
130,Keyonte George,19,keyonte-george-20031108,12.0,-7.0
131,Malik Monk,30,malik-monk-19980204,21.0,-9.0
132,Davion Mitchell,11,davion-mitchell-19980905,14.0,3.0
133,John Collins,24,john-collins-19970923,26.0,2.0
134,Ochai Agbaji,20,ochai-agbaji-20000420,23.0,3.0
135,Jordan Ford,0,jordan-ford-19980526,0.0,0.0
136,Kris Dunn,29,kris-dunn-19940318,30.0,1.0
137,Keegan Murray,26,keegan-murray-20000819,27.0,1.0
138,Collin Sexton,20,collin-sexton-19990104,12.0,-8.0
139,Kessler Edwards,2,kessler-edwards-20000809,9.0,7.0
140,De'Aaron Fox,49,deaaron-fox-19971220,39.0,-10.0
141,Colby Jones,1,colby-jones-20020528,1.0,0.0
142,Alex Len,7,alex-len-19930616,13.0,6.0
143,Omer Yurtseven,2,omer-yurtseven-19980619,5.0,3.0
144,E.J. Liddell,2,e-j-liddell-20001218,0.0,-2.0
145,Ziaire Williams,13,ziaire-williams-20010912,8.0,-5.0
146,Andre Drummond,14,andre-drummond-19930810,14.0,0.0
147,Matt Ryan,9,matt-ryan-19970417,6.0,-3.0
148,Brandon Ingram,45,brandon-ingram-19970902,45.0,0.0
149,Zion Williamson,38,zion-williamson-20000706,38.0,0.0
150,Herbert Jones,30,herbert-jones-19981006,29.0,-1.0
151,Ayo Dosunmu,11,ayo-dosunmu-20000117,12.0,1.0
152,Ousmane Dieng,9,ousmane-dieng-20030521,8.0,-1.0
153,Larry Nance Jr.,14,larry-nance-jr-19930101,14.0,0.0
154,Jonas Valanciunas,29,jonas-valanciunas-19920506,31.0,2.0
155,CJ McCollum,35,cj-mccollum-19910919,35.0,0.0
156,Jaren Jackson Jr.,36,jaren-jackson-jr-19990915,42.0,6.0
157,Julian Phillips,0,julian-phillips-20031105,0.0,0.0
158,Patrick Williams,21,patrick-williams-20010826,22.0,1.0
159,Chet Holmgren,36,chet-holmgren-20020501,23.0,-13.0
160,Vince Williams Jr.,5,vince-williams-jr-20000830,4.0,-1.0
161,Shai Gilgeous-Alexander,49,shai-gilgeous-alexander-19980712,50.0,1.0
162,Luguentz Dort,30,luguentz-dort-19990419,27.0,-3.0
163,Jacob Gilyard,24,jacob-gilyard-19980714,0.0,-24.0
164,Torrey Craig,8,torrey-craig-19901219,21.0,13.0
165,Davis Bertāns,13,davis-bertans-19921112,7.0,-6.0
166,Cason Wallace,17,cason-wallace-20031107,21.0,4.0
167,Marcus Smart,29,marcus-smart-19940306,29.0,0.0
168,Josh Giddey,32,josh-giddey-20021010,39.0,7.0
169,Zach LaVine,34,zach-lavine-19950310,32.0,-2.0
170,Desmond Bane,36,desmond-bane-19980625,37.0,1.0
171,Coby White,24,coby-white-20000216,27.0,3.0
172,Alex Caruso,24,alex-caruso-19940228,20.0,-4.0
173,Jevon Carter,10,jevon-carter-19950914,15.0,5.0
174,Jalen Williams,28,jalen-williams-20010414,28.0,0.0
175,Xavier Tillman Sr.,29,xavier-tillman-sr-19990112,26.0,-3.0
176,David Roddy,13,david-roddy-20010327,15.0,2.0
177,Dyson Daniels,11,dyson-daniels-20030317,9.0,-2.0
178,Derrick Rose,8,derrick-rose-19881004,2.0,-6.0
179,Jake LaRavia,4,jake-laravia-20011103,2.0,-2.0
180,Ja Morant,40,ja-morant-19990810,31.0,-9.0
181,Tre Mann,12,tre-mann-20010203,8.0,-4.0
182,Jordan Hawkins,12,jordan-hawkins-20020429,7.0,-5.0
183,Kaiser Gates,0,kaiser-gates-19961108,0.0,0.0
184,DeMar DeRozan,38,demar-derozan-19890807,37.0,-1.0
185,GG Jackson II,0,gregory-jackson-ii-20041217,0.0,0.0
186,Terry Taylor,7,terry-taylor-19990923,3.0,-4.0
187,Aleksej Pokusevski,13,aleksej-pokusevski-20011226,7.0,-6.0
188,Kira Lewis Jr.,4,kira-lewis-jr-20010406,2.0,-2.0
189,Olivier Sarr,9,olivier-sarr-19990220,6.0,-3.0
190,Aaron Wiggins,13,aaron-wiggins-19990102,16.0,3.0
191,Nikola Vučević,31,nikola-vucevic-19901024,35.0,4.0
192,Luke Kennard,21,luke-kennard-19960624,22.0,1.0
193,Lindy Waters III,9,lindy-waters-iii-19970728,8.0,-1.0
194,Vasilije Micic,2,vasilije-micic-19940113,0.0,-2.0
195,Isaiah Joe,16,isaiah-joe-19990702,17.0,1.0
196,Dalen Terry,8,dalen-terry-20020712,7.0,-1.0
197,Kenneth Lofton Jr.,9,kenneth-lofton-jr-20020814,9.0,0.0
198,John Konchar,18,john-konchar-19960322,13.0,-5.0
199,Cody Zeller,4,cody-zeller-19921005,8.0,4.0
200,Alec Burks,26,alec-burks-19910720,21.0,-5.0
201,Garrett Temple,3,garrett-temple-19860508,1.0,-2.0
202,Ty Jerome,11,ty-jerome-19970708,13.0,2.0
203,Jakob Poeltl,21,jakob-poeltl-19951015,23.0,2.0
204,Trendon Watford,26,trendon-watford-20001109,13.0,-13.0
205,Dennis SchrÃ¶der,23,dennis-schroder-19930915,16.0,-7.0
206,Daishen Nix,3,daishen-nix-20020213,4.0,1.0
207,Damian Jones,11,damian-jones-19950630,10.0,-1.0
208,Dru Smith,11,dru-smith-19971230,6.0,-5.0
209,Gary Trent Jr.,24,gary-trent-jr-19990118,21.0,-3.0
210,Gradey Dick,8,gradey-dick-20031120,2.0,-6.0
211,Shake Milton,11,shake-milton-19960926,15.0,4.0
212,Isaiah Stewart,26,isaiah-stewart-20010522,21.0,-5.0
213,Ben Simmons,20,ben-simmons-19960720,18.0,-2.0
214,Dennis Smith Jr.,24,dennis-smith-jr-19971125,21.0,-3.0
215,Georges Niang,7,georges-niang-19930617,12.0,5.0
216,Scottie Barnes,34,scottie-barnes-20010801,35.0,1.0
217,Cade Cunningham,36,cade-cunningham-20010925,38.0,2.0
218,Max Strus,26,max-strus-19960328,23.0,-3.0
219,Mikal Bridges,32,mikal-bridges-19960830,39.0,7.0
220,Killian Hayes,26,killian-hayes-20010727,29.0,3.0
221,Evan Mobley,30,evan-mobley-20010618,38.0,8.0
222,Mike Conley,30,mike-conley-19871011,31.0,1.0
223,Jamal Cain,15,jamal-cain-19990320,7.0,-8.0
224,Cameron Johnson,31,cameron-johnson-19960303,31.0,0.0
225,Isaac Okoro,17,isaac-okoro-20010126,14.0,-3.0
226,Lonnie Walker IV,15,lonnie-walker-iv-19981214,2.0,-13.0
227,Malcolm Cazalon,0,malcolm-cazalon-20010827,0.0,0.0
228,Marvin Bagley III,20,marvin-bagley-iii-19990314,16.0,-4.0
229,Luka Garza,14,luka-garza-19981227,4.0,-10.0
230,Donovan Mitchell,51,donovan-mitchell-19960907,51.0,0.0
231,Darius Garland,31,darius-garland-20000126,31.0,0.0
232,Thaddeus Young,6,thaddeus-young-19880621,0.0,-6.0
233,Jared Rhoden,9,jared-rhoden-19990827,7.0,-2.0
234,Duncan Robinson,16,duncan-robinson-19940422,9.0,-7.0
235,Stanley Umude,4,stanley-umude-19990412,2.0,-2.0
236,Harry Giles III,0,harry-giles-iii-19980422,0.0,0.0
237,Thomas Bryant,9,thomas-bryant-19970731,6.0,-3.0
238,Otto Porter Jr.,13,otto-porter-jr-19930603,11.0,-2.0
239,Troy Brown Jr.,4,troy-brown-jr-19990728,12.0,8.0
240,Josh Minott,10,josh-minott-20021125,2.0,-8.0
241,Ausar Thompson,30,ausar-thompson-20030130,29.0,-1.0
242,Jordan McLaughlin,8,jordan-mclaughlin-19960409,7.0,-1.0
243,Jaden Ivey,28,jaden-ivey-20020213,31.0,3.0
244,Orlando Robinson,7,orlando-robinson-20000710,7.0,0.0
245,Nic Claxton,33,nic-claxton-19990417,33.0,0.0
246,Jaime Jaquez Jr.,9,jaime-jaquez-jr-20010218,15.0,6.0
247,Cam Thomas,19,cam-thomas-20011013,12.0,-7.0
248,Malachi Flynn,7,malachi-flynn-19980510,5.0,-2.0
249,Karl-Anthony Towns,39,karl-anthony-towns-19951115,40.0,1.0
250,Nikola JoviÄ‡,6,nikola-jovic-20030609,2.0,-4.0
251,Bam Adebayo,37,bam-adebayo-19970718,32.0,-5.0
252,Tristan Thompson,4,tristan-thompson-19910313,0.0,-4.0
253,Day'Ron Sharpe,11,dayron-sharpe-20011106,13.0,2.0
254,Marcus Sasser,7,marcus-sasser-20000921,12.0,5.0
255,Caris LeVert,31,caris-levert-19940825,23.0,-8.0
256,Chris Boucher,14,chris-boucher-19930111,12.0,-2.0
257,Jalen McDaniels,5,jalen-mcdaniels-19980131,19.0,14.0
258,OG Anunoby,34,og-anunoby-19970717,35.0,1.0
259,Nickeil Alexander-Walker,18,nickeil-alexander-walker-19980902,14.0,-4.0
260,James Wiseman,20,james-wiseman-20010331,19.0,-1.0
261,Caleb Martin,24,caleb-martin-19950928,14.0,-10.0
262,Anthony Edwards,50,anthony-edwards-20010805,43.0,-7.0
263,Joe Harris,7,joe-harris-19910906,9.0,2.0
264,Spencer Dinwiddie,33,spencer-dinwiddie-19930406,29.0,-4.0
265,Jalen Duren,32,jalen-duren-20031118,28.0,-4.0
266,Noah Clowney,0,noah-clowney-20040714,0.0,0.0
267,Emoni Bates,0,emoni-bates-20040128,0.0,0.0
268,Precious Achiuwa,19,precious-achiuwa-19990919,19.0,0.0
269,Pascal Siakam,41,pascal-siakam-19940402,44.0,3.0
270,Wendell Moore Jr.,3,wendell-moore-jr-20010918,0.0,-3.0
271,Kyle Lowry,23,kyle-lowry-19860325,19.0,-4.0
272,Jimmy Butler,41,jimmy-butler-19890914,46.0,5.0
273,Sam Merrill,10,sam-merrill-19960515,6.0,-4.0
274,Dorian Finney-Smith,21,dorian-finney-smith-19930504,20.0,-1.0
275,Rudy Gobert,34,rudy-gobert-19920626,32.0,-2.0
276,R.J. Hampton,12,r-j-hampton-20010207,12.0,0.0
277,Tyler Herro,31,tyler-herro-20000120,29.0,-2.0
278,Isaiah Mobley,7,isaiah-mobley-19990924,6.0,-1.0
279,Kyle Anderson,28,kyle-anderson-19930920,31.0,3.0
280,Naz Reid,28,naz-reid-19990826,23.0,-5.0
281,Kevin Love,18,kevin-love-19880907,20.0,2.0
282,Royce O'Neale,22,royce-oneale-19930605,20.0,-2.0
283,Kyle Kuzma,34,kyle-kuzma-19950724,33.0,-1.0
284,Tyus Jones,24,tyus-jones-19960510,24.0,0.0
285,Trae Young,46,trae-young-19980919,35.0,-11.0
286,Jordan Poole,19,jordan-poole-19990619,32.0,13.0
287,Immanuel Quickley,17,immanuel-quickley-19990617,42.0,25.0
288,Cole Anthony,30,cole-anthony-20000515,25.0,-5.0
289,Julius Randle,31,julius-randle-19941129,39.0,8.0
290,P.J. Washington Jr.,32,p-j-washington-19980823,32.0,0.0
291,Andrew Nembhard,29,andrew-nembhard-20000116,29.0,0.0
292,Saddiq Bey,19,saddiq-bey-19990409,28.0,9.0
293,Buddy Hield,29,buddy-hield-19921217,29.0,0.0
294,Bennedict Mathurin,27,bennedict-mathurin-20020619,26.0,-1.0
295,Paolo Banchero,35,paolo-banchero-20021112,35.0,0.0
296,RJ Barrett,29,rj-barrett-20000614,25.0,-4.0
297,Mark Williams,25,mark-williams-20011216,22.0,-3.0
298,Derrick White,29,derrick-white-19940702,28.0,-1.0
299,Kristaps Porzingis,45,kristaps-porzingis-19950802,41.0,-4.0
300,Bruce Brown,23,bruce-brown-19960815,33.0,10.0
301,Tyrese Haliburton,53,tyrese-haliburton-20000229,50.0,-3.0
302,Jalen Smith,23,jalen-smith-20000316,23.0,0.0
303,Bogdan Bogdanović,28,bogdan-bogdanovic-19920818,25.0,-3.0
304,Jayson Tatum,51,jayson-tatum-19980303,47.0,-4.0
305,Clint Capela,27,clint-capela-19940518,30.0,3.0
306,Alperen Sengun,40,alperen-sengun-20020725,35.0,-5.0
307,Jalen Brunson,44,jalen-brunson-19960831,34.0,-10.0
308,LaMelo Ball,46,lamelo-ball-20010822,47.0,1.0
309,Myles Turner,30,myles-turner-19960324,29.0,-1.0
310,Franz Wagner,32,franz-wagner-20010827,31.0,-1.0
311,Delon Wright,27,delon-wright-19920426,25.0,-2.0
312,Terry Rozier,38,terry-rozier-19940317,35.0,-3.0
313,Jalen Johnson,18,jalen-johnson-20011218,25.0,7.0
314,Cam Whitmore,-1,cam-whitmore-20040708,-1.0,0.0
315,Dillon Brooks,19,dillon-brooks-19960122,27.0,8.0
316,Luke Kornet,7,luke-kornet-19950715,9.0,2.0
317,Jeenathan Williams,17,jeenathan-williams-19990212,17.0,0.0
318,Jared Butler,9,jared-butler-20000825,7.0,-2.0
319,Ryan Rollins,3,ryan-rollins-20020703,0.0,-3.0
320,John Butler Jr.,12,john-butler-jr-20021204,11.0,-1.0
321,Jock Landale,16,jock-landale-19951025,8.0,-8.0
322,Caleb Houstan,10,caleb-houstan-20030109,10.0,0.0
323,Eugene Omoruyi,16,eugene-omoruyi-19970214,14.0,-2.0
324,Donte DiVincenzo,14,donte-divincenzo-19970131,23.0,9.0
325,Payton Pritchard,6,payton-pritchard-19980128,13.0,7.0
326,Jeff Green,9,jeff-green-19860828,12.0,3.0
327,Jarace Walker,8,jarace-walker-20030904,8.0,0.0
328,Mike Muscala,9,mike-muscala-19910701,12.0,3.0
329,Sam Hauser,5,sam-hauser-19971208,16.0,11.0
330,Isaiah Jackson,22,isaiah-jackson-20020110,22.0,0.0
331,Jalen Green,31,jalen-green-20020209,32.0,1.0
332,Patrick Baldwin Jr.,3,patrick-baldwin-jr-20021118,2.0,-1.0
333,JT Thor,17,jt-thor-20020826,18.0,1.0
334,Amen Thompson,13,amen-thompson-20030130,10.0,-3.0
335,Reggie Bullock,10,reggie-bullock-19910316,14.0,4.0
336,Trent Forrest,3,trent-forrest-19980612,2.0,-1.0
337,Theo Maledon,27,theo-maledon-20010612,27.0,0.0
338,Goga Bitadze,19,goga-bitadze-19990720,19.0,0.0
339,Moritz Wagner,14,moritz-wagner-19970426,10.0,-4.0
340,Chuma Okeke,10,chuma-okeke-19980818,9.0,-1.0
341,Nick Richards,24,nick-richards-19971129,19.0,-5.0
342,Bruno Fernando,7,bruno-fernando-19980815,4.0,-3.0
343,Jericho Sims,6,jericho-sims-19981020,2.0,-4.0
344,Leaky Black,0,leaky-black-19990614,0.0,0.0
345,Amari Bailey,0,amari-bailey-20040217,0.0,0.0
346,Oshae Brissett,13,oshae-brissett-19980620,11.0,-2.0
347,Boban Marjanović,7,boban-marjanovic-19880815,4.0,-3.0
348,Miles McBride,2,miles-mcbride-20000908,5.0,3.0
349,Nick Smith Jr.,0,nick-smith-jr-20040418,0.0,0.0
350,Dalano Banton,6,dalano-banton-19991107,5.0,-1.0
351,Jermaine Samuels Jr.,0,jermaine-samuels-jr-19981113,0.0,0.0
352,Neemias Queta,8,neemias-queta-19990713,1.0,-7.0
353,Lamar Stevens,11,lamar-stevens-19970709,10.0,-1.0
354,Patty Mills,10,patty-mills-19880811,2.0,-8.0
355,Aaron Holiday,10,aaron-holiday-19960930,5.0,-5.0
356,Svi Mykhailiuk,31,svi-mykhailiuk-19970610,30.0,-1.0
357,Ryan Arcidiacono,7,ryan-arcidiacono-19940326,5.0,-2.0
358,Daniel Theis,13,daniel-theis-19920404,0.0,-13.0
359,Dylan Windler,6,dylan-windler-19960922,1.0,-5.0
360,Jordan Walsh,0,jordan-walsh-20040303,0.0,0.0
361,Garrison Mathews,8,garrison-mathews-19961024,3.0,-5.0
362,Evan Fournier,10,evan-fournier-19921029,2.0,-8.0
363,Jett Howard,2,jett-howard-20030914,2.0,0.0
364,AJ Griffin,13,aj-griffin-20030825,8.0,-5.0
365,Jordan Nwora,24,jordan-nwora-19980909,24.0,0.0
366,Joe Ingles,14,joe-ingles-19871002,11.0,-3.0
367,DaQuan Jeffries,2,daquan-jeffries-19970830,0.0,-2.0
368,Obi Toppin,14,obi-toppin-19980304,26.0,12.0
369,Ben Sheppard,0,ben-sheppard-20010716,0.0,0.0
370,Bilal Coulibaly,9,bilal-coulibaly-20040726,16.0,7.0
371,Aaron Nesmith,25,aaron-nesmith-19991016,21.0,-4.0
372,Corey Kispert,25,corey-kispert-19990303,27.0,2.0
373,Kobe Bufkin,3,kobe-bufkin-20030921,0.0,-3.0
374,Isaiah Hartenstein,14,isaiah-hartenstein-19980505,22.0,8.0
375,Jrue Holiday,40,jrue-holiday-19900612,38.0,-2.0
376,Daniel Gafford,26,daniel-gafford-19981001,23.0,-3.0
377,Deni Avdija,30,deni-avdija-20010103,28.0,-2.0
378,Anthony Black,13,anthony-black-20040120,12.0,-1.0
379,Danilo Gallinari,20,danilo-gallinari-19880808,22.0,2.0
380,Jonathan Isaac,14,jonathan-isaac-19971003,13.0,-1.0
381,Markelle Fultz,26,markelle-fultz-19980529,27.0,1.0
382,Dejounte Murray,38,dejounte-murray-19960919,35.0,-3.0
383,Brandon Miller,25,brandon-miller-20021122,21.0,-4.0
384,Wendell Carter Jr.,28,wendell-carter-jr-19990416,30.0,2.0
385,Fred VanVleet,38,fred-vanvleet-19940225,39.0,1.0
386,De'Andre Hunter,27,deandre-hunter-19971202,18.0,-9.0
387,Jabari Smith Jr.,31,jabari-smith-jr-20030513,31.0,0.0
388,Mitchell Robinson,25,mitchell-robinson-19980401,28.0,3.0
389,Mouhamed Gueye,3,mouhamed-gueye-20021109,0.0,-3.0
390,Onyeka Okongwu,20,onyeka-okongwu-20001211,24.0,4.0
391,T.J. McConnell,26,t-j-mcconnell-19920325,26.0,0.0
392,Jaylen Brown,31,jaylen-brown-19961024,37.0,6.0
393,Josh Hart,20,josh-hart-19950306,25.0,5.0
394,Jae'Sean Tate,20,jaesean-tate-19951028,19.0,-1.0
395,Gary Harris,17,gary-harris-19940914,15.0,-2.0
396,Gordon Hayward,28,gordon-hayward-19900323,26.0,-2.0
397,Jalen Suggs,22,jalen-suggs-20010603,20.0,-2.0
398,Quentin Grimes,13,quentin-grimes-20000508,36.0,23.0
399,Al Horford,23,al-horford-19860603,24.0,1.0
400,Chris Paul,35,chris-paul-19850506,37.0,2.0
401,Trayce Jackson-Davis,1,trayce-jackson-davis-20000222,0.0,-1.0
402,Moses Moody,16,moses-moody-20020531,10.0,-6.0
403,Jonathan Kuminga,8,jonathan-kuminga-20021006,21.0,13.0
404,Dario Šarić,14,dario-saric-19940408,10.0,-4.0
405,Devin Booker,55,devin-booker-19961030,41.0,-14.0
406,Kevon Looney,26,kevon-looney-19960206,25.0,-1.0
407,Andrew Wiggins,24,andrew-wiggins-19950223,28.0,4.0
408,Gary Payton II,16,gary-payton-ii-19921201,16.0,0.0
409,Klay Thompson,28,klay-thompson-19900208,34.0,6.0
410,Cory Joseph,21,cory-joseph-19910820,18.0,-3.0
411,Stephen Curry,50,stephen-curry-19880314,45.0,-5.0
412,Brandin Podziemski,0,brandin-podziemski-20030225,0.0,0.0
413,Nikola Jokić,58,nikola-jokic-19950219,52.0,-6.0
414,Collin Gillespie,2,collin-gillespie-19990625,0.0,-2.0
415,Zeke Nnaji,6,zeke-nnaji-20010109,11.0,5.0
416,Peyton Watson,12,peyton-watson-20020911,13.0,1.0
417,Julian Strawther,6,julian-strawther-20020418,0.0,-6.0
418,Reggie Jackson,10,reggie-jackson-19900416,13.0,3.0
419,Christian Braun,13,christian-braun-20010417,18.0,5.0
420,Kentavious Caldwell-Pope,24,kentavious-caldwell-pope-19930218,21.0,-3.0
421,Jamal Murray,42,jamal-murray-19970223,38.0,-4.0
422,DeAndre Jordan,11,deandre-jordan-19880721,8.0,-3.0
423,Michael Porter Jr.,29,michael-porter-jr-19980629,30.0,1.0
424,Aaron Gordon,31,aaron-gordon-19950916,31.0,0.0
425,Justin Holiday,8,justin-holiday-19890405,5.0,-3.0
426,Braxton Key,14,braxton-key-19970214,0.0,-14.0
427,Jalen Pickett,2,jalen-pickett-19991022,2.0,0.0
428,Vlatko Čančar,5,vlatko-cancar-19970410,6.0,1.0
429,Ish Smith,6,ish-smith-19880705,6.0,0.0
430,Nathan Knight,2,nathan-knight-19970920,1.0,-1.0
431,Austin Rivers,4,austin-rivers-19920801,1.0,-3.0
432,Jaylen Nowell,9,jaylen-nowell-19990709,8.0,-1.0
433,Landry Shamet,10,landry-shamet-19970313,10.0,0.0
434,Bismack Biyombo,11,bismack-biyombo-19920828,20.0,9.0
435,Marcus Morris Sr.,15,marcus-morris-sr-19890902,12.0,-3.0
436,Terance Mann,16,terance-mann-19961018,15.0,-1.0
437,Damion Lee,6,damion-lee-19921021,3.0,-3.0
438,Terrence Ross,13,terrence-ross-19910205,15.0,2.0
439,Darius Bazley,11,darius-bazley-20000612,4.0,-7.0
440,T.J. Warren,9,t-j-warren-19930905,14.0,5.0
441,Jason Preston,7,jason-preston-19990810,0.0,-7.0
442,Brandon Boston Jr.,12,brandon-boston-jr-20011128,3.0,-9.0
443,Ish Wainright,4,ish-wainright-19940912,8.0,4.0
444,Xavier Moon,9,xavier-moon-19950102,2.0,-7.0
445,Udonis Haslem,6,udonis-haslem-19800609,3.0,-3.0
446,Victor Oladipo,20,victor-oladipo-19920504,11.0,-9.0
447,Haywood Highsmith,7,haywood-highsmith-19961209,5.0,-2.0
448,Wesley Matthews,12,wesley-matthews-19861014,11.0,-1.0
449,Meyers Leonard,7,meyers-leonard-19920227,6.0,-1.0
450,Goran Dragić,8,goran-dragic-19860506,7.0,-1.0
451,Shaquille Harrison,12,shaquille-harrison-19931006,21.0,9.0
452,Wenyen Gabriel,3,wenyen-gabriel-19970326,7.0,4.0
453,Jarred Vanderbilt,11,jarred-vanderbilt-19990403,14.0,3.0
454,Santi Aldama,16,santi-aldama-20010110,17.0,1.0
455,PJ Dozier,6,pj-dozier-19961025,4.0,-2.0
456,Trey Lyles,16,trey-lyles-19951105,17.0,1.0
457,Terence Davis,12,terence-davis-19970516,7.0,-5.0
458,Anthony Lamb,6,anthony-lamb-19980120,10.0,4.0
459,JaMychal Green,7,jamychal-green-19900621,4.0,-3.0
460,Draymond Green,30,draymond-green-19900304,29.0,-1.0
461,Raul Neto,6,raul-neto-19920519,5.0,-1.0
462,Ricky Rubio,9,ricky-rubio-19901021,10.0,1.0
463,Duane Washington Jr.,15,duane-washington-jr-20000324,5.0,-10.0
464,Mamadi Diakite,7,mamadi-diakite-19970121,5.0,-2.0
465,Dean Wade,13,dean-wade-19961120,9.0,-4.0
466,Jarrett Allen,29,jarrett-allen-19980421,30.0,1.0
467,Trevor Keels,2,trevor-keels-20030826,1.0,-1.0
468,Tyrese Martin,3,tyrese-martin-19990307,1.0,-2.0
469,Justin Champagnie,4,justin-champagnie-20010629,2.0,-2.0
470,Vit Krejci,4,vit-krejci-20000619,3.0,-1.0
471,Blake Griffin,12,blake-griffin-19890316,8.0,-4.0
472,James Harden,43,james-harden-19890826,36.0,-7.0
473,Edmond Sumner,10,edmond-sumner-19951231,3.0,-7.0
474,David Duke Jr.,8,david-duke-jr-19991013,7.0,-1.0
475,Montrezl Harrell,7,montrezl-harrell-19940126,6.0,-1.0
476,Dewayne Dedmon,9,dewayne-dedmon-19890812,6.0,-3.0
477,Jeremiah Robinson-Earl,10,jeremiah-robinson-earl-20001103,6.0,-4.0
478,Jaylin Williams,19,jaylin-williams-20020629,19.0,0.0
479,Marko Simonović,3,marko-simonovic-19991015,1.0,-2.0
480,Javonte Green,8,javonte-green-19930723,1.0,-7.0
481,Carlik Jones,5,carlik-jones-19971223,3.0,-2.0
482,Willy Hernangomez,13,willy-hernangomez-19940527,2.0,-11.0
483,Josh Richardson,12,josh-richardson-19930915,12.0,0.0
484,Naji Marshall,11,naji-marshall-19980124,11.0,0.0
485,Trey Murphy III,37,trey-murphy-iii-20000618,37.0,0.0
486,Joe Wieskamp,2,joe-wieskamp-19990823,1.0,-1.0
487,Will Barton,13,will-barton-19910106,13.0,0.0
488,Christian Koloko,11,christian-koloko-20000620,9.0,-2.0
489,Frank Ntilikina,10,frank-ntilikina-19980728,9.0,-1.0
490,McKinley Wright IV,15,mckinley-wright-iv-19981025,10.0,-5.0
491,Micah Potter,8,micah-potter-19980406,4.0,-4.0
492,Juan Toscano-Anderson,12,juan-toscano-anderson-19930410,12.0,0.0
493,Johnny Juzang,11,johnny-juzang-20010317,10.0,-1.0
494,Jack White,5,jack-white-19970805,2.0,-3.0
495,Lester Quinones,3,lester-quinones-20001116,1.0,-2.0
496,A.J. Lawson,9,a-j-lawson-20000715,7.0,-2.0
497,Kevin Knox II,24,kevin-knox-ii-19990811,24.0,0.0
498,Skylar Mays,21,skylar-mays-19970905,34.0,13.0
499,Theo Pinson,12,theo-pinson-19951105,9.0,-3.0
500,Jaden McDaniels,22,jaden-mcdaniels-20000929,22.0,0.0
501,Gorgui Dieng,16,gorgui-dieng-19900118,12.0,-4.0
502,Cole Swider,4,cole-swider-19990508,2.0,-2.0
503,Dereon Seabron,1,dereon-seabron-20000526,0.0,-1.0
504,Romeo Langford,11,romeo-langford-19991025,10.0,-1.0
505,Kai Jones,15,kai-jones-20010119,12.0,-3.0
506,Rodney McGruder,22,rodney-mcgruder-19910729,2.0,-20.0
507,Frank Kaminsky,7,frank-kaminsky-19930404,3.0,-4.0
508,Gabe York,15,gabe-york-19930802,17.0,2.0
509,Kevon Harris,12,kevon-harris-19970624,8.0,-4.0
510,Xavier Cooks,11,xavier-cooks-19950819,11.0,0.0
511,Johnny Davis,25,johnny-davis-20020227,25.0,0.0
512,Donovan Williams,3,donovan-williams-20010906,2.0,-1.0
513,Darius Days,7,darius-days-19991020,3.0,-4.0
514,Trevor Hudgins,3,trevor-hudgins-19990323,1.0,-2.0
515,Bryce McGowens,18,bryce-mcgowens-20021108,18.0,0.0
516,Tari Eason,24,tari-eason-20010510,24.0,0.0
517,Isaiah Todd,5,isaiah-todd-20011017,3.0,-2.0
518,George Hill,13,george-hill-19860504,6.0,-7.0
519,Taj Gibson,6,taj-gibson-19850624,3.0,-3.0
520,Louis King,9,louis-king-19990406,15.0,6.0
521,Kendrick Nunn,19,kendrick-nunn-19950803,18.0,-1.0
522,Quenton Jackson,11,quenton-jackson-19980915,9.0,-2.0
523,Buddy Boeheim,4,buddy-boeheim-19991111,1.0,-3.0
524,RaiQuan Gray,34,raiquan-gray-19990707,34.0,0.0
525,Isaiah Livers,22,isaiah-livers-19980728,12.0,-10.0
526,Willie Cauley-Stein,5,willie-cauley-stein-19930818,0.0,-5.0
527,Anthony Gill,9,anthony-gill-19921017,9.0,0.0
528,Kobi Simmons,4,kobi-simmons-19970704,6.0,2.0
529,Admiral Schofield,5,admiral-schofield-19970330,4.0,-1.0
530,Ron Harper Jr.,4,ron-harper-jr-20000412,3.0,-1.0
531,Mfiondu Kabengele,6,mfiondu-kabengele-19970814,2.0,-4.0
532,Usman Garuba,7,usman-garuba-20020309,7.0,0.0
533,James Johnson,9,james-johnson-19870220,4.0,-5.0
534,Josh Christopher,14,josh-christopher-20011208,14.0,0.0
535,Lindell Wigginton,13,lindell-wigginton-19980328,7.0,-6.0
536,D.J. Augustin,10,d-j-augustin-19871110,0.0,-10.0
537,Cody Martin,15,cody-martin-19950928,0.0,-15.0
538,James Bouknight,13,james-bouknight-20000918,12.0,-1.0
539,JD Davison,5,jd-davison-20021003,3.0,-2.0
540,Michael Carter-Williams,8,michael-carter-williams-19911010,3.0,-5.0
541,Mac McClung,16,mac-mcclung-19990106,16.0,0.0
542,TyTy Washington Jr.,12,tyty-washington-20011115,6.0,-6.0
543,Davon Reed,5,davon-reed-19950611,1.0,-4.0
544,Kennedy Chandler,4,kennedy-chandler-20020916,3.0,-1.0
545,Jay Huff,11,jay-huff-19970825,11.0,0.0
546,Kevin Porter Jr.,39,kevin-porter-jr-20000504,39.0,0.0
547,Xavier Sneed,4,xavier-sneed-19971221,6.0,2.0
548,Jay Scrubb,6,jay-scrubb-20000901,5.0,-1.0
549,Jeff Dowtin Jr.,10,jeff-dowtin-jr-19970510,8.0,-2.0
550,Monte Morris,24,monte-morris-19950627,24.0,0.0
551,Keon Johnson,11,keon-johnson-20020310,9.0,-2.0
552,Matthew Dellavedova,4,matthew-dellavedova-19900908,2.0,-2.0
553,Jarrell Brantley,10,jarrell-brantley-19960607,13.0,3.0
554,Hamidou Diallo,20,hamidou-diallo-19980731,12.0,-8.0
555,Rudy Gay,15,rudy-gay-19860817,15.0,0.0
556,Bradley Beal,40,bradley-beal-19930628,40.0,0.0
557,Nerlens Noel,10,nerlens-noel-19940410,2.0,-8.0
558,Andre Iguodala,7,andre-iguodala-19840128,7.0,0.0
559,Jamaree Bouyea,8,jamaree-bouyea-19990627,4.0,-4.0
560,Frank Jackson,15,frank-jackson-19980504,1.0,-14.0
561,Brandon Clarke,19,brandon-clarke-19960919,19.0,0.0
562,Bojan BogdanoviÄ‡,30,bojan-bogdanovic-19890418,30.0,0.0
563,Kenrich Williams,21,kenrich-williams-19941202,21.0,0.0
564,Jose Alvarado,14,jose-alvarado-19980412,14.0,0.0
565,Juancho Hernangomez,4,juancho-hernangomez-19950928,1.0,-3.0
566,Vernon Carey Jr.,3,vernon-carey-jr-20010225,2.0,-1.0
567,Malcolm Hill,4,malcolm-hill-19951026,1.0,-3.0
568,Tony Bradley,4,tony-bradley-19980108,1.0,-3.0
569,Leandro Bolmaro,1,leandro-bolmaro-20000911,0.0,-1.0
570,Chris Silva,7,chris-silva-19960919,0.0,-7.0
571,Isaiah Roby,9,isaiah-roby-19980203,9.0,0.0
572,Stanley Johnson,13,stanley-johnson-19960529,13.0,0.0
573,Scotty Pippen Jr.,5,scotty-pippen-jr-20001110,2.0,-3.0
574,Greg Brown III,3,greg-brown-iii-20010901,1.0,-2.0
575,Bryn Forbes,6,bryn-forbes-19930723,2.0,-4.0
576,Khem Birch,5,khem-birch-19920928,0.0,-5.0
577,Justin Jackson,5,justin-jackson-19950328,2.0,-3.0
578,Deonte Burton,0,deonte-burton-19940131,0.0,0.0
579,KZ Okpala,2,kz-okpala-19990428,0.0,-2.0
580,Trevelin Queen,8,trevelin-queen-19970225,5.0,-3.0
581,Steven Adams,33,steven-adams-19930720,33.0,0.0
582,Derrick Favors,14,derrick-favors-19910715,0.0,-14.0
583,Sterling Brown,5,sterling-brown-19950210,4.0,-1.0
584,John Wall,19,john-wall-19900906,19.0,0.0
585,Devon Dotson,5,devon-dotson-19990802,3.0,-2.0
586,Serge Ibaka,10,serge-ibaka-19890918,1.0,-9.0
587,Kemba Walker,14,kemba-walker-19900508,11.0,-3.0
588,Ibou Badji,0,ibou-badji-20021013,0.0,0.0
589,Noah Vonleh,2,noah-vonleh-19950824,0.0,-2.0
590,Justise Winslow,15,justise-winslow-19960326,13.0,-2.0
591,Jarrett Culver,11,jarrett-culver-19990220,11.0,0.0
592,Chima Moneke,1,chima-moneke-19951224,0.0,-1.0
593,Tyler Dorsey,4,tyler-dorsey-19960218,1.0,-3.0
594,Alize Johnson,5,alize-johnson-19960422,3.0,-2.0
595,Alondes Williams,-3,alondes-williams-19990619,-1.0,2.0
596,Kendall Brown,5,kendall-brown-20030511,4.0,-1.0
597,Facundo Campazzo,4,facundo-campazzo-19910323,2.0,-2.0
598,Jordan Hall,6,jordan-hall-20020114,5.0,-1.0
599,Kostas Antetokounmpo,0,kostas-antetokounmpo-19971120,0.0,0.0
600,Michael Foster Jr.,0,michael-foster-jr-20030116,0.0,0.0
601,Jordan Schakel,4,jordan-schakel-19980613,2.0,-2.0
602,Joshua Primo,16,joshua-primo-20021224,11.0,-5.0
